Email Text,Email Type
Urgent! Your account 0 has been suspended. Click http://fakebank0.com to verify.,Phishing Email
Urgent! Your account 1 has been suspended. Click http://fakebank1.com to verify.,Phishing Email
Urgent! Your account 2 has been suspended. Click http://fakebank2.com to verify.,Phishing Email
Urgent! Your account 3 has been suspended. Click http://fakebank3.com to verify.,Phishing Email
Urgent! Your account 4 has been suspended. Click http://fakebank4.com to verify.,Phishing Email
Urgent! Your account 5 has been suspended. Click http://fakebank5.com to verify.,Phishing Email
Urgent! Your account 6 has been suspended. Click http://fakebank6.com to verify.,Phishing Email
Urgent! Your account 7 has been suspended. Click http://fakebank7.com to verify.,Phishing Email
Urgent! Your account 8 has been suspended. Click http://fakebank8.com to verify.,Phishing Email
Urgent! Your account 9 has been suspended. Click http://fakebank9.com to verify.,Phishing Email
Urgent! Your account 10 has been suspended. Click http://fakebank10.com to verify.,Phishing Email
Urgent! Your account 11 has been suspended. Click http://fakebank11.com to verify.,Phishing Email
Urgent! Your account 12 has been suspended. Click http://fakebank12.com to verify.,Phishing Email
Urgent! Your account 13 has been suspended. Click http://fakebank13.com to verify.,Phishing Email
Urgent! Your account 14 has been suspended. Click http://fakebank14.com to verify.,Phishing Email
Urgent! Your account 15 has been suspended. Click http://fakebank15.com to verify.,Phishing Email
Urgent! Your account 16 has been suspended. Click http://fakebank16.com to verify.,Phishing Email
Urgent! Your account 17 has been suspended. Click http://fakebank17.com to verify.,Phishing Email
Urgent! Your account 18 has been suspended. Click http://fakebank18.com to verify.,Phishing Email
Urgent! Your account 19 has been suspended. Click http://fakebank19.com to verify.,Phishing Email
Urgent! Your account 20 has been suspended. Click http://fakebank20.com to verify.,Phishing Email
Urgent! Your account 21 has been suspended. Click http://fakebank21.com to verify.,Phishing Email
Urgent! Your account 22 has been suspended. Click http://fakebank22.com to verify.,Phishing Email
Urgent! Your account 23 has been suspended. Click http://fakebank23.com to verify.,Phishing Email
Urgent! Your account 24 has been suspended. Click http://fakebank24.com to verify.,Phishing Email
Urgent! Your account 25 has been suspended. Click http://fakebank25.com to verify.,Phishing Email
Urgent! Your account 26 has been suspended. Click http://fakebank26.com to verify.,Phishing Email
Urgent! Your account 27 has been suspended. Click http://fakebank27.com to verify.,Phishing Email
Urgent! Your account 28 has been suspended. Click http://fakebank28.com to verify.,Phishing Email
Urgent! Your account 29 has been suspended. Click http://fakebank29.com to verify.,Phishing Email
Urgent! Your account 30 has been suspended. Click http://fakebank30.com to verify.,Phishing Email
Urgent! Your account 31 has been suspended. Click http://fakebank31.com to verify.,Phishing Email
Urgent! Your account 32 has been suspended. Click http://fakebank32.com to verify.,Phishing Email
Urgent! Your account 33 has been suspended. Click http://fakebank33.com to verify.,Phishing Email
Urgent! Your account 34 has been suspended. Click http://fakebank34.com to verify.,Phishing Email
Urgent! Your account 35 has been suspended. Click http://fakebank35.com to verify.,Phishing Email
Urgent! Your account 36 has been suspended. Click http://fakebank36.com to verify.,Phishing Email
Urgent! Your account 37 has been suspended. Click http://fakebank37.com to verify.,Phishing Email
Urgent! Your account 38 has been suspended. Click http://fakebank38.com to verify.,Phishing Email
Urgent! Your account 39 has been suspended. Click http://fakebank39.com to verify.,Phishing Email
Urgent! Your account 40 has been suspended. Click http://fakebank40.com to verify.,Phishing Email
Urgent! Your account 41 has been suspended. Click http://fakebank41.com to verify.,Phishing Email
Urgent! Your account 42 has been suspended. Click http://fakebank42.com to verify.,Phishing Email
Urgent! Your account 43 has been suspended. Click http://fakebank43.com to verify.,Phishing Email
Urgent! Your account 44 has been suspended. Click http://fakebank44.com to verify.,Phishing Email
Urgent! Your account 45 has been suspended. Click http://fakebank45.com to verify.,Phishing Email
Urgent! Your account 46 has been suspended. Click http://fakebank46.com to verify.,Phishing Email
Urgent! Your account 47 has been suspended. Click http://fakebank47.com to verify.,Phishing Email
Urgent! Your account 48 has been suspended. Click http://fakebank48.com to verify.,Phishing Email
Urgent! Your account 49 has been suspended. Click http://fakebank49.com to verify.,Phishing Email
Urgent! Your account 50 has been suspended. Click http://fakebank50.com to verify.,Phishing Email
Urgent! Your account 51 has been suspended. Click http://fakebank51.com to verify.,Phishing Email
Urgent! Your account 52 has been suspended. Click http://fakebank52.com to verify.,Phishing Email
Urgent! Your account 53 has been suspended. Click http://fakebank53.com to verify.,Phishing Email
Urgent! Your account 54 has been suspended. Click http://fakebank54.com to verify.,Phishing Email
Urgent! Your account 55 has been suspended. Click http://fakebank55.com to verify.,Phishing Email
Urgent! Your account 56 has been suspended. Click http://fakebank56.com to verify.,Phishing Email
Urgent! Your account 57 has been suspended. Click http://fakebank57.com to verify.,Phishing Email
Urgent! Your account 58 has been suspended. Click http://fakebank58.com to verify.,Phishing Email
Urgent! Your account 59 has been suspended. Click http://fakebank59.com to verify.,Phishing Email
Urgent! Your account 60 has been suspended. Click http://fakebank60.com to verify.,Phishing Email
Urgent! Your account 61 has been suspended. Click http://fakebank61.com to verify.,Phishing Email
Urgent! Your account 62 has been suspended. Click http://fakebank62.com to verify.,Phishing Email
Urgent! Your account 63 has been suspended. Click http://fakebank63.com to verify.,Phishing Email
Urgent! Your account 64 has been suspended. Click http://fakebank64.com to verify.,Phishing Email
Urgent! Your account 65 has been suspended. Click http://fakebank65.com to verify.,Phishing Email
Urgent! Your account 66 has been suspended. Click http://fakebank66.com to verify.,Phishing Email
Urgent! Your account 67 has been suspended. Click http://fakebank67.com to verify.,Phishing Email
Urgent! Your account 68 has been suspended. Click http://fakebank68.com to verify.,Phishing Email
Urgent! Your account 69 has been suspended. Click http://fakebank69.com to verify.,Phishing Email
Urgent! Your account 70 has been suspended. Click http://fakebank70.com to verify.,Phishing Email
Urgent! Your account 71 has been suspended. Click http://fakebank71.com to verify.,Phishing Email
Urgent! Your account 72 has been suspended. Click http://fakebank72.com to verify.,Phishing Email
Urgent! Your account 73 has been suspended. Click http://fakebank73.com to verify.,Phishing Email
Urgent! Your account 74 has been suspended. Click http://fakebank74.com to verify.,Phishing Email
Urgent! Your account 75 has been suspended. Click http://fakebank75.com to verify.,Phishing Email
Urgent! Your account 76 has been suspended. Click http://fakebank76.com to verify.,Phishing Email
Urgent! Your account 77 has been suspended. Click http://fakebank77.com to verify.,Phishing Email
Urgent! Your account 78 has been suspended. Click http://fakebank78.com to verify.,Phishing Email
Urgent! Your account 79 has been suspended. Click http://fakebank79.com to verify.,Phishing Email
Urgent! Your account 80 has been suspended. Click http://fakebank80.com to verify.,Phishing Email
Urgent! Your account 81 has been suspended. Click http://fakebank81.com to verify.,Phishing Email
Urgent! Your account 82 has been suspended. Click http://fakebank82.com to verify.,Phishing Email
Urgent! Your account 83 has been suspended. Click http://fakebank83.com to verify.,Phishing Email
Urgent! Your account 84 has been suspended. Click http://fakebank84.com to verify.,Phishing Email
Urgent! Your account 85 has been suspended. Click http://fakebank85.com to verify.,Phishing Email
Urgent! Your account 86 has been suspended. Click http://fakebank86.com to verify.,Phishing Email
Urgent! Your account 87 has been suspended. Click http://fakebank87.com to verify.,Phishing Email
Urgent! Your account 88 has been suspended. Click http://fakebank88.com to verify.,Phishing Email
Urgent! Your account 89 has been suspended. Click http://fakebank89.com to verify.,Phishing Email
Urgent! Your account 90 has been suspended. Click http://fakebank90.com to verify.,Phishing Email
Urgent! Your account 91 has been suspended. Click http://fakebank91.com to verify.,Phishing Email
Urgent! Your account 92 has been suspended. Click http://fakebank92.com to verify.,Phishing Email
Urgent! Your account 93 has been suspended. Click http://fakebank93.com to verify.,Phishing Email
Urgent! Your account 94 has been suspended. Click http://fakebank94.com to verify.,Phishing Email
Urgent! Your account 95 has been suspended. Click http://fakebank95.com to verify.,Phishing Email
Urgent! Your account 96 has been suspended. Click http://fakebank96.com to verify.,Phishing Email
Urgent! Your account 97 has been suspended. Click http://fakebank97.com to verify.,Phishing Email
Urgent! Your account 98 has been suspended. Click http://fakebank98.com to verify.,Phishing Email
Urgent! Your account 99 has been suspended. Click http://fakebank99.com to verify.,Phishing Email
Urgent! Your account 100 has been suspended. Click http://fakebank100.com to verify.,Phishing Email
Urgent! Your account 101 has been suspended. Click http://fakebank101.com to verify.,Phishing Email
Urgent! Your account 102 has been suspended. Click http://fakebank102.com to verify.,Phishing Email
Urgent! Your account 103 has been suspended. Click http://fakebank103.com to verify.,Phishing Email
Urgent! Your account 104 has been suspended. Click http://fakebank104.com to verify.,Phishing Email
Urgent! Your account 105 has been suspended. Click http://fakebank105.com to verify.,Phishing Email
Urgent! Your account 106 has been suspended. Click http://fakebank106.com to verify.,Phishing Email
Urgent! Your account 107 has been suspended. Click http://fakebank107.com to verify.,Phishing Email
Urgent! Your account 108 has been suspended. Click http://fakebank108.com to verify.,Phishing Email
Urgent! Your account 109 has been suspended. Click http://fakebank109.com to verify.,Phishing Email
Urgent! Your account 110 has been suspended. Click http://fakebank110.com to verify.,Phishing Email
Urgent! Your account 111 has been suspended. Click http://fakebank111.com to verify.,Phishing Email
Urgent! Your account 112 has been suspended. Click http://fakebank112.com to verify.,Phishing Email
Urgent! Your account 113 has been suspended. Click http://fakebank113.com to verify.,Phishing Email
Urgent! Your account 114 has been suspended. Click http://fakebank114.com to verify.,Phishing Email
Urgent! Your account 115 has been suspended. Click http://fakebank115.com to verify.,Phishing Email
Urgent! Your account 116 has been suspended. Click http://fakebank116.com to verify.,Phishing Email
Urgent! Your account 117 has been suspended. Click http://fakebank117.com to verify.,Phishing Email
Urgent! Your account 118 has been suspended. Click http://fakebank118.com to verify.,Phishing Email
Urgent! Your account 119 has been suspended. Click http://fakebank119.com to verify.,Phishing Email
Urgent! Your account 120 has been suspended. Click http://fakebank120.com to verify.,Phishing Email
Urgent! Your account 121 has been suspended. Click http://fakebank121.com to verify.,Phishing Email
Urgent! Your account 122 has been suspended. Click http://fakebank122.com to verify.,Phishing Email
Urgent! Your account 123 has been suspended. Click http://fakebank123.com to verify.,Phishing Email
Urgent! Your account 124 has been suspended. Click http://fakebank124.com to verify.,Phishing Email
Urgent! Your account 125 has been suspended. Click http://fakebank125.com to verify.,Phishing Email
Urgent! Your account 126 has been suspended. Click http://fakebank126.com to verify.,Phishing Email
Urgent! Your account 127 has been suspended. Click http://fakebank127.com to verify.,Phishing Email
Urgent! Your account 128 has been suspended. Click http://fakebank128.com to verify.,Phishing Email
Urgent! Your account 129 has been suspended. Click http://fakebank129.com to verify.,Phishing Email
Urgent! Your account 130 has been suspended. Click http://fakebank130.com to verify.,Phishing Email
Urgent! Your account 131 has been suspended. Click http://fakebank131.com to verify.,Phishing Email
Urgent! Your account 132 has been suspended. Click http://fakebank132.com to verify.,Phishing Email
Urgent! Your account 133 has been suspended. Click http://fakebank133.com to verify.,Phishing Email
Urgent! Your account 134 has been suspended. Click http://fakebank134.com to verify.,Phishing Email
Urgent! Your account 135 has been suspended. Click http://fakebank135.com to verify.,Phishing Email
Urgent! Your account 136 has been suspended. Click http://fakebank136.com to verify.,Phishing Email
Urgent! Your account 137 has been suspended. Click http://fakebank137.com to verify.,Phishing Email
Urgent! Your account 138 has been suspended. Click http://fakebank138.com to verify.,Phishing Email
Urgent! Your account 139 has been suspended. Click http://fakebank139.com to verify.,Phishing Email
Urgent! Your account 140 has been suspended. Click http://fakebank140.com to verify.,Phishing Email
Urgent! Your account 141 has been suspended. Click http://fakebank141.com to verify.,Phishing Email
Urgent! Your account 142 has been suspended. Click http://fakebank142.com to verify.,Phishing Email
Urgent! Your account 143 has been suspended. Click http://fakebank143.com to verify.,Phishing Email
Urgent! Your account 144 has been suspended. Click http://fakebank144.com to verify.,Phishing Email
Urgent! Your account 145 has been suspended. Click http://fakebank145.com to verify.,Phishing Email
Urgent! Your account 146 has been suspended. Click http://fakebank146.com to verify.,Phishing Email
Urgent! Your account 147 has been suspended. Click http://fakebank147.com to verify.,Phishing Email
Urgent! Your account 148 has been suspended. Click http://fakebank148.com to verify.,Phishing Email
Urgent! Your account 149 has been suspended. Click http://fakebank149.com to verify.,Phishing Email
Urgent! Your account 150 has been suspended. Click http://fakebank150.com to verify.,Phishing Email
Urgent! Your account 151 has been suspended. Click http://fakebank151.com to verify.,Phishing Email
Urgent! Your account 152 has been suspended. Click http://fakebank152.com to verify.,Phishing Email
Urgent! Your account 153 has been suspended. Click http://fakebank153.com to verify.,Phishing Email
Urgent! Your account 154 has been suspended. Click http://fakebank154.com to verify.,Phishing Email
Urgent! Your account 155 has been suspended. Click http://fakebank155.com to verify.,Phishing Email
Urgent! Your account 156 has been suspended. Click http://fakebank156.com to verify.,Phishing Email
Urgent! Your account 157 has been suspended. Click http://fakebank157.com to verify.,Phishing Email
Urgent! Your account 158 has been suspended. Click http://fakebank158.com to verify.,Phishing Email
Urgent! Your account 159 has been suspended. Click http://fakebank159.com to verify.,Phishing Email
Urgent! Your account 160 has been suspended. Click http://fakebank160.com to verify.,Phishing Email
Urgent! Your account 161 has been suspended. Click http://fakebank161.com to verify.,Phishing Email
Urgent! Your account 162 has been suspended. Click http://fakebank162.com to verify.,Phishing Email
Urgent! Your account 163 has been suspended. Click http://fakebank163.com to verify.,Phishing Email
Urgent! Your account 164 has been suspended. Click http://fakebank164.com to verify.,Phishing Email
Urgent! Your account 165 has been suspended. Click http://fakebank165.com to verify.,Phishing Email
Urgent! Your account 166 has been suspended. Click http://fakebank166.com to verify.,Phishing Email
Urgent! Your account 167 has been suspended. Click http://fakebank167.com to verify.,Phishing Email
Urgent! Your account 168 has been suspended. Click http://fakebank168.com to verify.,Phishing Email
Urgent! Your account 169 has been suspended. Click http://fakebank169.com to verify.,Phishing Email
Urgent! Your account 170 has been suspended. Click http://fakebank170.com to verify.,Phishing Email
Urgent! Your account 171 has been suspended. Click http://fakebank171.com to verify.,Phishing Email
Urgent! Your account 172 has been suspended. Click http://fakebank172.com to verify.,Phishing Email
Urgent! Your account 173 has been suspended. Click http://fakebank173.com to verify.,Phishing Email
Urgent! Your account 174 has been suspended. Click http://fakebank174.com to verify.,Phishing Email
Urgent! Your account 175 has been suspended. Click http://fakebank175.com to verify.,Phishing Email
Urgent! Your account 176 has been suspended. Click http://fakebank176.com to verify.,Phishing Email
Urgent! Your account 177 has been suspended. Click http://fakebank177.com to verify.,Phishing Email
Urgent! Your account 178 has been suspended. Click http://fakebank178.com to verify.,Phishing Email
Urgent! Your account 179 has been suspended. Click http://fakebank179.com to verify.,Phishing Email
Urgent! Your account 180 has been suspended. Click http://fakebank180.com to verify.,Phishing Email
Urgent! Your account 181 has been suspended. Click http://fakebank181.com to verify.,Phishing Email
Urgent! Your account 182 has been suspended. Click http://fakebank182.com to verify.,Phishing Email
Urgent! Your account 183 has been suspended. Click http://fakebank183.com to verify.,Phishing Email
Urgent! Your account 184 has been suspended. Click http://fakebank184.com to verify.,Phishing Email
Urgent! Your account 185 has been suspended. Click http://fakebank185.com to verify.,Phishing Email
Urgent! Your account 186 has been suspended. Click http://fakebank186.com to verify.,Phishing Email
Urgent! Your account 187 has been suspended. Click http://fakebank187.com to verify.,Phishing Email
Urgent! Your account 188 has been suspended. Click http://fakebank188.com to verify.,Phishing Email
Urgent! Your account 189 has been suspended. Click http://fakebank189.com to verify.,Phishing Email
Urgent! Your account 190 has been suspended. Click http://fakebank190.com to verify.,Phishing Email
Urgent! Your account 191 has been suspended. Click http://fakebank191.com to verify.,Phishing Email
Urgent! Your account 192 has been suspended. Click http://fakebank192.com to verify.,Phishing Email
Urgent! Your account 193 has been suspended. Click http://fakebank193.com to verify.,Phishing Email
Urgent! Your account 194 has been suspended. Click http://fakebank194.com to verify.,Phishing Email
Urgent! Your account 195 has been suspended. Click http://fakebank195.com to verify.,Phishing Email
Urgent! Your account 196 has been suspended. Click http://fakebank196.com to verify.,Phishing Email
Urgent! Your account 197 has been suspended. Click http://fakebank197.com to verify.,Phishing Email
Urgent! Your account 198 has been suspended. Click http://fakebank198.com to verify.,Phishing Email
Urgent! Your account 199 has been suspended. Click http://fakebank199.com to verify.,Phishing Email
Urgent! Your account 200 has been suspended. Click http://fakebank200.com to verify.,Phishing Email
Urgent! Your account 201 has been suspended. Click http://fakebank201.com to verify.,Phishing Email
Urgent! Your account 202 has been suspended. Click http://fakebank202.com to verify.,Phishing Email
Urgent! Your account 203 has been suspended. Click http://fakebank203.com to verify.,Phishing Email
Urgent! Your account 204 has been suspended. Click http://fakebank204.com to verify.,Phishing Email
Urgent! Your account 205 has been suspended. Click http://fakebank205.com to verify.,Phishing Email
Urgent! Your account 206 has been suspended. Click http://fakebank206.com to verify.,Phishing Email
Urgent! Your account 207 has been suspended. Click http://fakebank207.com to verify.,Phishing Email
Urgent! Your account 208 has been suspended. Click http://fakebank208.com to verify.,Phishing Email
Urgent! Your account 209 has been suspended. Click http://fakebank209.com to verify.,Phishing Email
Urgent! Your account 210 has been suspended. Click http://fakebank210.com to verify.,Phishing Email
Urgent! Your account 211 has been suspended. Click http://fakebank211.com to verify.,Phishing Email
Urgent! Your account 212 has been suspended. Click http://fakebank212.com to verify.,Phishing Email
Urgent! Your account 213 has been suspended. Click http://fakebank213.com to verify.,Phishing Email
Urgent! Your account 214 has been suspended. Click http://fakebank214.com to verify.,Phishing Email
Urgent! Your account 215 has been suspended. Click http://fakebank215.com to verify.,Phishing Email
Urgent! Your account 216 has been suspended. Click http://fakebank216.com to verify.,Phishing Email
Urgent! Your account 217 has been suspended. Click http://fakebank217.com to verify.,Phishing Email
Urgent! Your account 218 has been suspended. Click http://fakebank218.com to verify.,Phishing Email
Urgent! Your account 219 has been suspended. Click http://fakebank219.com to verify.,Phishing Email
Urgent! Your account 220 has been suspended. Click http://fakebank220.com to verify.,Phishing Email
Urgent! Your account 221 has been suspended. Click http://fakebank221.com to verify.,Phishing Email
Urgent! Your account 222 has been suspended. Click http://fakebank222.com to verify.,Phishing Email
Urgent! Your account 223 has been suspended. Click http://fakebank223.com to verify.,Phishing Email
Urgent! Your account 224 has been suspended. Click http://fakebank224.com to verify.,Phishing Email
Urgent! Your account 225 has been suspended. Click http://fakebank225.com to verify.,Phishing Email
Urgent! Your account 226 has been suspended. Click http://fakebank226.com to verify.,Phishing Email
Urgent! Your account 227 has been suspended. Click http://fakebank227.com to verify.,Phishing Email
Urgent! Your account 228 has been suspended. Click http://fakebank228.com to verify.,Phishing Email
Urgent! Your account 229 has been suspended. Click http://fakebank229.com to verify.,Phishing Email
Urgent! Your account 230 has been suspended. Click http://fakebank230.com to verify.,Phishing Email
Urgent! Your account 231 has been suspended. Click http://fakebank231.com to verify.,Phishing Email
Urgent! Your account 232 has been suspended. Click http://fakebank232.com to verify.,Phishing Email
Urgent! Your account 233 has been suspended. Click http://fakebank233.com to verify.,Phishing Email
Urgent! Your account 234 has been suspended. Click http://fakebank234.com to verify.,Phishing Email
Urgent! Your account 235 has been suspended. Click http://fakebank235.com to verify.,Phishing Email
Urgent! Your account 236 has been suspended. Click http://fakebank236.com to verify.,Phishing Email
Urgent! Your account 237 has been suspended. Click http://fakebank237.com to verify.,Phishing Email
Urgent! Your account 238 has been suspended. Click http://fakebank238.com to verify.,Phishing Email
Urgent! Your account 239 has been suspended. Click http://fakebank239.com to verify.,Phishing Email
Urgent! Your account 240 has been suspended. Click http://fakebank240.com to verify.,Phishing Email
Urgent! Your account 241 has been suspended. Click http://fakebank241.com to verify.,Phishing Email
Urgent! Your account 242 has been suspended. Click http://fakebank242.com to verify.,Phishing Email
Urgent! Your account 243 has been suspended. Click http://fakebank243.com to verify.,Phishing Email
Urgent! Your account 244 has been suspended. Click http://fakebank244.com to verify.,Phishing Email
Urgent! Your account 245 has been suspended. Click http://fakebank245.com to verify.,Phishing Email
Urgent! Your account 246 has been suspended. Click http://fakebank246.com to verify.,Phishing Email
Urgent! Your account 247 has been suspended. Click http://fakebank247.com to verify.,Phishing Email
Urgent! Your account 248 has been suspended. Click http://fakebank248.com to verify.,Phishing Email
Urgent! Your account 249 has been suspended. Click http://fakebank249.com to verify.,Phishing Email
Urgent! Your account 250 has been suspended. Click http://fakebank250.com to verify.,Phishing Email
Urgent! Your account 251 has been suspended. Click http://fakebank251.com to verify.,Phishing Email
Urgent! Your account 252 has been suspended. Click http://fakebank252.com to verify.,Phishing Email
Urgent! Your account 253 has been suspended. Click http://fakebank253.com to verify.,Phishing Email
Urgent! Your account 254 has been suspended. Click http://fakebank254.com to verify.,Phishing Email
Urgent! Your account 255 has been suspended. Click http://fakebank255.com to verify.,Phishing Email
Urgent! Your account 256 has been suspended. Click http://fakebank256.com to verify.,Phishing Email
Urgent! Your account 257 has been suspended. Click http://fakebank257.com to verify.,Phishing Email
Urgent! Your account 258 has been suspended. Click http://fakebank258.com to verify.,Phishing Email
Urgent! Your account 259 has been suspended. Click http://fakebank259.com to verify.,Phishing Email
Urgent! Your account 260 has been suspended. Click http://fakebank260.com to verify.,Phishing Email
Urgent! Your account 261 has been suspended. Click http://fakebank261.com to verify.,Phishing Email
Urgent! Your account 262 has been suspended. Click http://fakebank262.com to verify.,Phishing Email
Urgent! Your account 263 has been suspended. Click http://fakebank263.com to verify.,Phishing Email
Urgent! Your account 264 has been suspended. Click http://fakebank264.com to verify.,Phishing Email
Urgent! Your account 265 has been suspended. Click http://fakebank265.com to verify.,Phishing Email
Urgent! Your account 266 has been suspended. Click http://fakebank266.com to verify.,Phishing Email
Urgent! Your account 267 has been suspended. Click http://fakebank267.com to verify.,Phishing Email
Urgent! Your account 268 has been suspended. Click http://fakebank268.com to verify.,Phishing Email
Urgent! Your account 269 has been suspended. Click http://fakebank269.com to verify.,Phishing Email
Urgent! Your account 270 has been suspended. Click http://fakebank270.com to verify.,Phishing Email
Urgent! Your account 271 has been suspended. Click http://fakebank271.com to verify.,Phishing Email
Urgent! Your account 272 has been suspended. Click http://fakebank272.com to verify.,Phishing Email
Urgent! Your account 273 has been suspended. Click http://fakebank273.com to verify.,Phishing Email
Urgent! Your account 274 has been suspended. Click http://fakebank274.com to verify.,Phishing Email
Urgent! Your account 275 has been suspended. Click http://fakebank275.com to verify.,Phishing Email
Urgent! Your account 276 has been suspended. Click http://fakebank276.com to verify.,Phishing Email
Urgent! Your account 277 has been suspended. Click http://fakebank277.com to verify.,Phishing Email
Urgent! Your account 278 has been suspended. Click http://fakebank278.com to verify.,Phishing Email
Urgent! Your account 279 has been suspended. Click http://fakebank279.com to verify.,Phishing Email
Urgent! Your account 280 has been suspended. Click http://fakebank280.com to verify.,Phishing Email
Urgent! Your account 281 has been suspended. Click http://fakebank281.com to verify.,Phishing Email
Urgent! Your account 282 has been suspended. Click http://fakebank282.com to verify.,Phishing Email
Urgent! Your account 283 has been suspended. Click http://fakebank283.com to verify.,Phishing Email
Urgent! Your account 284 has been suspended. Click http://fakebank284.com to verify.,Phishing Email
Urgent! Your account 285 has been suspended. Click http://fakebank285.com to verify.,Phishing Email
Urgent! Your account 286 has been suspended. Click http://fakebank286.com to verify.,Phishing Email
Urgent! Your account 287 has been suspended. Click http://fakebank287.com to verify.,Phishing Email
Urgent! Your account 288 has been suspended. Click http://fakebank288.com to verify.,Phishing Email
Urgent! Your account 289 has been suspended. Click http://fakebank289.com to verify.,Phishing Email
Urgent! Your account 290 has been suspended. Click http://fakebank290.com to verify.,Phishing Email
Urgent! Your account 291 has been suspended. Click http://fakebank291.com to verify.,Phishing Email
Urgent! Your account 292 has been suspended. Click http://fakebank292.com to verify.,Phishing Email
Urgent! Your account 293 has been suspended. Click http://fakebank293.com to verify.,Phishing Email
Urgent! Your account 294 has been suspended. Click http://fakebank294.com to verify.,Phishing Email
Urgent! Your account 295 has been suspended. Click http://fakebank295.com to verify.,Phishing Email
Urgent! Your account 296 has been suspended. Click http://fakebank296.com to verify.,Phishing Email
Urgent! Your account 297 has been suspended. Click http://fakebank297.com to verify.,Phishing Email
Urgent! Your account 298 has been suspended. Click http://fakebank298.com to verify.,Phishing Email
Urgent! Your account 299 has been suspended. Click http://fakebank299.com to verify.,Phishing Email
Urgent! Your account 300 has been suspended. Click http://fakebank300.com to verify.,Phishing Email
Urgent! Your account 301 has been suspended. Click http://fakebank301.com to verify.,Phishing Email
Urgent! Your account 302 has been suspended. Click http://fakebank302.com to verify.,Phishing Email
Urgent! Your account 303 has been suspended. Click http://fakebank303.com to verify.,Phishing Email
Urgent! Your account 304 has been suspended. Click http://fakebank304.com to verify.,Phishing Email
Urgent! Your account 305 has been suspended. Click http://fakebank305.com to verify.,Phishing Email
Urgent! Your account 306 has been suspended. Click http://fakebank306.com to verify.,Phishing Email
Urgent! Your account 307 has been suspended. Click http://fakebank307.com to verify.,Phishing Email
Urgent! Your account 308 has been suspended. Click http://fakebank308.com to verify.,Phishing Email
Urgent! Your account 309 has been suspended. Click http://fakebank309.com to verify.,Phishing Email
Urgent! Your account 310 has been suspended. Click http://fakebank310.com to verify.,Phishing Email
Urgent! Your account 311 has been suspended. Click http://fakebank311.com to verify.,Phishing Email
Urgent! Your account 312 has been suspended. Click http://fakebank312.com to verify.,Phishing Email
Urgent! Your account 313 has been suspended. Click http://fakebank313.com to verify.,Phishing Email
Urgent! Your account 314 has been suspended. Click http://fakebank314.com to verify.,Phishing Email
Urgent! Your account 315 has been suspended. Click http://fakebank315.com to verify.,Phishing Email
Urgent! Your account 316 has been suspended. Click http://fakebank316.com to verify.,Phishing Email
Urgent! Your account 317 has been suspended. Click http://fakebank317.com to verify.,Phishing Email
Urgent! Your account 318 has been suspended. Click http://fakebank318.com to verify.,Phishing Email
Urgent! Your account 319 has been suspended. Click http://fakebank319.com to verify.,Phishing Email
Urgent! Your account 320 has been suspended. Click http://fakebank320.com to verify.,Phishing Email
Urgent! Your account 321 has been suspended. Click http://fakebank321.com to verify.,Phishing Email
Urgent! Your account 322 has been suspended. Click http://fakebank322.com to verify.,Phishing Email
Urgent! Your account 323 has been suspended. Click http://fakebank323.com to verify.,Phishing Email
Urgent! Your account 324 has been suspended. Click http://fakebank324.com to verify.,Phishing Email
Urgent! Your account 325 has been suspended. Click http://fakebank325.com to verify.,Phishing Email
Urgent! Your account 326 has been suspended. Click http://fakebank326.com to verify.,Phishing Email
Urgent! Your account 327 has been suspended. Click http://fakebank327.com to verify.,Phishing Email
Urgent! Your account 328 has been suspended. Click http://fakebank328.com to verify.,Phishing Email
Urgent! Your account 329 has been suspended. Click http://fakebank329.com to verify.,Phishing Email
Urgent! Your account 330 has been suspended. Click http://fakebank330.com to verify.,Phishing Email
Urgent! Your account 331 has been suspended. Click http://fakebank331.com to verify.,Phishing Email
Urgent! Your account 332 has been suspended. Click http://fakebank332.com to verify.,Phishing Email
Urgent! Your account 333 has been suspended. Click http://fakebank333.com to verify.,Phishing Email
Urgent! Your account 334 has been suspended. Click http://fakebank334.com to verify.,Phishing Email
Urgent! Your account 335 has been suspended. Click http://fakebank335.com to verify.,Phishing Email
Urgent! Your account 336 has been suspended. Click http://fakebank336.com to verify.,Phishing Email
Urgent! Your account 337 has been suspended. Click http://fakebank337.com to verify.,Phishing Email
Urgent! Your account 338 has been suspended. Click http://fakebank338.com to verify.,Phishing Email
Urgent! Your account 339 has been suspended. Click http://fakebank339.com to verify.,Phishing Email
Urgent! Your account 340 has been suspended. Click http://fakebank340.com to verify.,Phishing Email
Urgent! Your account 341 has been suspended. Click http://fakebank341.com to verify.,Phishing Email
Urgent! Your account 342 has been suspended. Click http://fakebank342.com to verify.,Phishing Email
Urgent! Your account 343 has been suspended. Click http://fakebank343.com to verify.,Phishing Email
Urgent! Your account 344 has been suspended. Click http://fakebank344.com to verify.,Phishing Email
Urgent! Your account 345 has been suspended. Click http://fakebank345.com to verify.,Phishing Email
Urgent! Your account 346 has been suspended. Click http://fakebank346.com to verify.,Phishing Email
Urgent! Your account 347 has been suspended. Click http://fakebank347.com to verify.,Phishing Email
Urgent! Your account 348 has been suspended. Click http://fakebank348.com to verify.,Phishing Email
Urgent! Your account 349 has been suspended. Click http://fakebank349.com to verify.,Phishing Email
Urgent! Your account 350 has been suspended. Click http://fakebank350.com to verify.,Phishing Email
Urgent! Your account 351 has been suspended. Click http://fakebank351.com to verify.,Phishing Email
Urgent! Your account 352 has been suspended. Click http://fakebank352.com to verify.,Phishing Email
Urgent! Your account 353 has been suspended. Click http://fakebank353.com to verify.,Phishing Email
Urgent! Your account 354 has been suspended. Click http://fakebank354.com to verify.,Phishing Email
Urgent! Your account 355 has been suspended. Click http://fakebank355.com to verify.,Phishing Email
Urgent! Your account 356 has been suspended. Click http://fakebank356.com to verify.,Phishing Email
Urgent! Your account 357 has been suspended. Click http://fakebank357.com to verify.,Phishing Email
Urgent! Your account 358 has been suspended. Click http://fakebank358.com to verify.,Phishing Email
Urgent! Your account 359 has been suspended. Click http://fakebank359.com to verify.,Phishing Email
Urgent! Your account 360 has been suspended. Click http://fakebank360.com to verify.,Phishing Email
Urgent! Your account 361 has been suspended. Click http://fakebank361.com to verify.,Phishing Email
Urgent! Your account 362 has been suspended. Click http://fakebank362.com to verify.,Phishing Email
Urgent! Your account 363 has been suspended. Click http://fakebank363.com to verify.,Phishing Email
Urgent! Your account 364 has been suspended. Click http://fakebank364.com to verify.,Phishing Email
Urgent! Your account 365 has been suspended. Click http://fakebank365.com to verify.,Phishing Email
Urgent! Your account 366 has been suspended. Click http://fakebank366.com to verify.,Phishing Email
Urgent! Your account 367 has been suspended. Click http://fakebank367.com to verify.,Phishing Email
Urgent! Your account 368 has been suspended. Click http://fakebank368.com to verify.,Phishing Email
Urgent! Your account 369 has been suspended. Click http://fakebank369.com to verify.,Phishing Email
Urgent! Your account 370 has been suspended. Click http://fakebank370.com to verify.,Phishing Email
Urgent! Your account 371 has been suspended. Click http://fakebank371.com to verify.,Phishing Email
Urgent! Your account 372 has been suspended. Click http://fakebank372.com to verify.,Phishing Email
Urgent! Your account 373 has been suspended. Click http://fakebank373.com to verify.,Phishing Email
Urgent! Your account 374 has been suspended. Click http://fakebank374.com to verify.,Phishing Email
Urgent! Your account 375 has been suspended. Click http://fakebank375.com to verify.,Phishing Email
Urgent! Your account 376 has been suspended. Click http://fakebank376.com to verify.,Phishing Email
Urgent! Your account 377 has been suspended. Click http://fakebank377.com to verify.,Phishing Email
Urgent! Your account 378 has been suspended. Click http://fakebank378.com to verify.,Phishing Email
Urgent! Your account 379 has been suspended. Click http://fakebank379.com to verify.,Phishing Email
Urgent! Your account 380 has been suspended. Click http://fakebank380.com to verify.,Phishing Email
Urgent! Your account 381 has been suspended. Click http://fakebank381.com to verify.,Phishing Email
Urgent! Your account 382 has been suspended. Click http://fakebank382.com to verify.,Phishing Email
Urgent! Your account 383 has been suspended. Click http://fakebank383.com to verify.,Phishing Email
Urgent! Your account 384 has been suspended. Click http://fakebank384.com to verify.,Phishing Email
Urgent! Your account 385 has been suspended. Click http://fakebank385.com to verify.,Phishing Email
Urgent! Your account 386 has been suspended. Click http://fakebank386.com to verify.,Phishing Email
Urgent! Your account 387 has been suspended. Click http://fakebank387.com to verify.,Phishing Email
Urgent! Your account 388 has been suspended. Click http://fakebank388.com to verify.,Phishing Email
Urgent! Your account 389 has been suspended. Click http://fakebank389.com to verify.,Phishing Email
Urgent! Your account 390 has been suspended. Click http://fakebank390.com to verify.,Phishing Email
Urgent! Your account 391 has been suspended. Click http://fakebank391.com to verify.,Phishing Email
Urgent! Your account 392 has been suspended. Click http://fakebank392.com to verify.,Phishing Email
Urgent! Your account 393 has been suspended. Click http://fakebank393.com to verify.,Phishing Email
Urgent! Your account 394 has been suspended. Click http://fakebank394.com to verify.,Phishing Email
Urgent! Your account 395 has been suspended. Click http://fakebank395.com to verify.,Phishing Email
Urgent! Your account 396 has been suspended. Click http://fakebank396.com to verify.,Phishing Email
Urgent! Your account 397 has been suspended. Click http://fakebank397.com to verify.,Phishing Email
Urgent! Your account 398 has been suspended. Click http://fakebank398.com to verify.,Phishing Email
Urgent! Your account 399 has been suspended. Click http://fakebank399.com to verify.,Phishing Email
Urgent! Your account 400 has been suspended. Click http://fakebank400.com to verify.,Phishing Email
Urgent! Your account 401 has been suspended. Click http://fakebank401.com to verify.,Phishing Email
Urgent! Your account 402 has been suspended. Click http://fakebank402.com to verify.,Phishing Email
Urgent! Your account 403 has been suspended. Click http://fakebank403.com to verify.,Phishing Email
Urgent! Your account 404 has been suspended. Click http://fakebank404.com to verify.,Phishing Email
Urgent! Your account 405 has been suspended. Click http://fakebank405.com to verify.,Phishing Email
Urgent! Your account 406 has been suspended. Click http://fakebank406.com to verify.,Phishing Email
Urgent! Your account 407 has been suspended. Click http://fakebank407.com to verify.,Phishing Email
Urgent! Your account 408 has been suspended. Click http://fakebank408.com to verify.,Phishing Email
Urgent! Your account 409 has been suspended. Click http://fakebank409.com to verify.,Phishing Email
Urgent! Your account 410 has been suspended. Click http://fakebank410.com to verify.,Phishing Email
Urgent! Your account 411 has been suspended. Click http://fakebank411.com to verify.,Phishing Email
Urgent! Your account 412 has been suspended. Click http://fakebank412.com to verify.,Phishing Email
Urgent! Your account 413 has been suspended. Click http://fakebank413.com to verify.,Phishing Email
Urgent! Your account 414 has been suspended. Click http://fakebank414.com to verify.,Phishing Email
Urgent! Your account 415 has been suspended. Click http://fakebank415.com to verify.,Phishing Email
Urgent! Your account 416 has been suspended. Click http://fakebank416.com to verify.,Phishing Email
Urgent! Your account 417 has been suspended. Click http://fakebank417.com to verify.,Phishing Email
Urgent! Your account 418 has been suspended. Click http://fakebank418.com to verify.,Phishing Email
Urgent! Your account 419 has been suspended. Click http://fakebank419.com to verify.,Phishing Email
Urgent! Your account 420 has been suspended. Click http://fakebank420.com to verify.,Phishing Email
Urgent! Your account 421 has been suspended. Click http://fakebank421.com to verify.,Phishing Email
Urgent! Your account 422 has been suspended. Click http://fakebank422.com to verify.,Phishing Email
Urgent! Your account 423 has been suspended. Click http://fakebank423.com to verify.,Phishing Email
Urgent! Your account 424 has been suspended. Click http://fakebank424.com to verify.,Phishing Email
Urgent! Your account 425 has been suspended. Click http://fakebank425.com to verify.,Phishing Email
Urgent! Your account 426 has been suspended. Click http://fakebank426.com to verify.,Phishing Email
Urgent! Your account 427 has been suspended. Click http://fakebank427.com to verify.,Phishing Email
Urgent! Your account 428 has been suspended. Click http://fakebank428.com to verify.,Phishing Email
Urgent! Your account 429 has been suspended. Click http://fakebank429.com to verify.,Phishing Email
Urgent! Your account 430 has been suspended. Click http://fakebank430.com to verify.,Phishing Email
Urgent! Your account 431 has been suspended. Click http://fakebank431.com to verify.,Phishing Email
Urgent! Your account 432 has been suspended. Click http://fakebank432.com to verify.,Phishing Email
Urgent! Your account 433 has been suspended. Click http://fakebank433.com to verify.,Phishing Email
Urgent! Your account 434 has been suspended. Click http://fakebank434.com to verify.,Phishing Email
Urgent! Your account 435 has been suspended. Click http://fakebank435.com to verify.,Phishing Email
Urgent! Your account 436 has been suspended. Click http://fakebank436.com to verify.,Phishing Email
Urgent! Your account 437 has been suspended. Click http://fakebank437.com to verify.,Phishing Email
Urgent! Your account 438 has been suspended. Click http://fakebank438.com to verify.,Phishing Email
Urgent! Your account 439 has been suspended. Click http://fakebank439.com to verify.,Phishing Email
Urgent! Your account 440 has been suspended. Click http://fakebank440.com to verify.,Phishing Email
Urgent! Your account 441 has been suspended. Click http://fakebank441.com to verify.,Phishing Email
Urgent! Your account 442 has been suspended. Click http://fakebank442.com to verify.,Phishing Email
Urgent! Your account 443 has been suspended. Click http://fakebank443.com to verify.,Phishing Email
Urgent! Your account 444 has been suspended. Click http://fakebank444.com to verify.,Phishing Email
Urgent! Your account 445 has been suspended. Click http://fakebank445.com to verify.,Phishing Email
Urgent! Your account 446 has been suspended. Click http://fakebank446.com to verify.,Phishing Email
Urgent! Your account 447 has been suspended. Click http://fakebank447.com to verify.,Phishing Email
Urgent! Your account 448 has been suspended. Click http://fakebank448.com to verify.,Phishing Email
Urgent! Your account 449 has been suspended. Click http://fakebank449.com to verify.,Phishing Email
Urgent! Your account 450 has been suspended. Click http://fakebank450.com to verify.,Phishing Email
Urgent! Your account 451 has been suspended. Click http://fakebank451.com to verify.,Phishing Email
Urgent! Your account 452 has been suspended. Click http://fakebank452.com to verify.,Phishing Email
Urgent! Your account 453 has been suspended. Click http://fakebank453.com to verify.,Phishing Email
Urgent! Your account 454 has been suspended. Click http://fakebank454.com to verify.,Phishing Email
Urgent! Your account 455 has been suspended. Click http://fakebank455.com to verify.,Phishing Email
Urgent! Your account 456 has been suspended. Click http://fakebank456.com to verify.,Phishing Email
Urgent! Your account 457 has been suspended. Click http://fakebank457.com to verify.,Phishing Email
Urgent! Your account 458 has been suspended. Click http://fakebank458.com to verify.,Phishing Email
Urgent! Your account 459 has been suspended. Click http://fakebank459.com to verify.,Phishing Email
Urgent! Your account 460 has been suspended. Click http://fakebank460.com to verify.,Phishing Email
Urgent! Your account 461 has been suspended. Click http://fakebank461.com to verify.,Phishing Email
Urgent! Your account 462 has been suspended. Click http://fakebank462.com to verify.,Phishing Email
Urgent! Your account 463 has been suspended. Click http://fakebank463.com to verify.,Phishing Email
Urgent! Your account 464 has been suspended. Click http://fakebank464.com to verify.,Phishing Email
Urgent! Your account 465 has been suspended. Click http://fakebank465.com to verify.,Phishing Email
Urgent! Your account 466 has been suspended. Click http://fakebank466.com to verify.,Phishing Email
Urgent! Your account 467 has been suspended. Click http://fakebank467.com to verify.,Phishing Email
Urgent! Your account 468 has been suspended. Click http://fakebank468.com to verify.,Phishing Email
Urgent! Your account 469 has been suspended. Click http://fakebank469.com to verify.,Phishing Email
Urgent! Your account 470 has been suspended. Click http://fakebank470.com to verify.,Phishing Email
Urgent! Your account 471 has been suspended. Click http://fakebank471.com to verify.,Phishing Email
Urgent! Your account 472 has been suspended. Click http://fakebank472.com to verify.,Phishing Email
Urgent! Your account 473 has been suspended. Click http://fakebank473.com to verify.,Phishing Email
Urgent! Your account 474 has been suspended. Click http://fakebank474.com to verify.,Phishing Email
Urgent! Your account 475 has been suspended. Click http://fakebank475.com to verify.,Phishing Email
Urgent! Your account 476 has been suspended. Click http://fakebank476.com to verify.,Phishing Email
Urgent! Your account 477 has been suspended. Click http://fakebank477.com to verify.,Phishing Email
Urgent! Your account 478 has been suspended. Click http://fakebank478.com to verify.,Phishing Email
Urgent! Your account 479 has been suspended. Click http://fakebank479.com to verify.,Phishing Email
Urgent! Your account 480 has been suspended. Click http://fakebank480.com to verify.,Phishing Email
Urgent! Your account 481 has been suspended. Click http://fakebank481.com to verify.,Phishing Email
Urgent! Your account 482 has been suspended. Click http://fakebank482.com to verify.,Phishing Email
Urgent! Your account 483 has been suspended. Click http://fakebank483.com to verify.,Phishing Email
Urgent! Your account 484 has been suspended. Click http://fakebank484.com to verify.,Phishing Email
Urgent! Your account 485 has been suspended. Click http://fakebank485.com to verify.,Phishing Email
Urgent! Your account 486 has been suspended. Click http://fakebank486.com to verify.,Phishing Email
Urgent! Your account 487 has been suspended. Click http://fakebank487.com to verify.,Phishing Email
Urgent! Your account 488 has been suspended. Click http://fakebank488.com to verify.,Phishing Email
Urgent! Your account 489 has been suspended. Click http://fakebank489.com to verify.,Phishing Email
Urgent! Your account 490 has been suspended. Click http://fakebank490.com to verify.,Phishing Email
Urgent! Your account 491 has been suspended. Click http://fakebank491.com to verify.,Phishing Email
Urgent! Your account 492 has been suspended. Click http://fakebank492.com to verify.,Phishing Email
Urgent! Your account 493 has been suspended. Click http://fakebank493.com to verify.,Phishing Email
Urgent! Your account 494 has been suspended. Click http://fakebank494.com to verify.,Phishing Email
Urgent! Your account 495 has been suspended. Click http://fakebank495.com to verify.,Phishing Email
Urgent! Your account 496 has been suspended. Click http://fakebank496.com to verify.,Phishing Email
Urgent! Your account 497 has been suspended. Click http://fakebank497.com to verify.,Phishing Email
Urgent! Your account 498 has been suspended. Click http://fakebank498.com to verify.,Phishing Email
Urgent! Your account 499 has been suspended. Click http://fakebank499.com to verify.,Phishing Email
"Hi team, attached is the agenda for meeting 0. Regards.",Safe Email
"Hi team, attached is the agenda for meeting 1. Regards.",Safe Email
"Hi team, attached is the agenda for meeting 2. Regards.",Safe Email
"Hi team, attached is the agenda for meeting 3. Regards.",Safe Email
"Hi team, attached is the agenda for meeting 4. Regards.",Safe Email
"Hi team, attached is the agenda for meeting 5. Regards.",Safe Email
"Hi team, attached is the agenda for meeting 6. Regards.",Safe Email
"Hi team, attached is the agenda for meeting 7. Regards.",Safe Email
"Hi team, attached is the agenda for meeting 8. Regards.",Safe Email
"Hi team, attached is the agenda for meeting 9. Regards.",Safe Email
"Hi team, attached is the agenda for meeting 10. Regards.",Safe Email
"Hi team, attached is the agenda for meeting 11. Regards.",Safe Email
"Hi team, attached is the agenda for meeting 12. Regards.",Safe Email
"Hi team, attached is the agenda for meeting 13. Regards.",Safe Email
"Hi team, attached is the agenda for meeting 14. Regards.",Safe Email
"Hi team, attached is the agenda for meeting 15. Regards.",Safe Email
"Hi team, attached is the agenda for meeting 16. Regards.",Safe Email
"Hi team, attached is the agenda for meeting 17. Regards.",Safe Email
"Hi team, attached is the agenda for meeting 18. Regards.",Safe Email
"Hi team, attached is the agenda for meeting 19. Regards.",Safe Email
"Hi team, attached is the agenda for meeting 20. Regards.",Safe Email
"Hi team, attached is the agenda for meeting 21. Regards.",Safe Email
"Hi team, attached is the agenda for meeting 22. Regards.",Safe Email
"Hi team, attached is the agenda for meeting 23. Regards.",Safe Email
"Hi team, attached is the agenda for meeting 24. Regards.",Safe Email
"Hi team, attached is the agenda for meeting 25. Regards.",Safe Email
"Hi team, attached is the agenda for meeting 26. Regards.",Safe Email
"Hi team, attached is the agenda for meeting 27. Regards.",Safe Email
"Hi team, attached is the agenda for meeting 28. Regards.",Safe Email
"Hi team, attached is the agenda for meeting 29. Regards.",Safe Email
"Hi team, attached is the agenda for meeting 30. Regards.",Safe Email
"Hi team, attached is the agenda for meeting 31. Regards.",Safe Email
"Hi team, attached is the agenda for meeting 32. Regards.",Safe Email
"Hi team, attached is the agenda for meeting 33. Regards.",Safe Email
"Hi team, attached is the agenda for meeting 34. Regards.",Safe Email
"Hi team, attached is the agenda for meeting 35. Regards.",Safe Email
"Hi team, attached is the agenda for meeting 36. Regards.",Safe Email
"Hi team, attached is the agenda for meeting 37. Regards.",Safe Email
"Hi team, attached is the agenda for meeting 38. Regards.",Safe Email
"Hi team, attached is the agenda for meeting 39. Regards.",Safe Email
"Hi team, attached is the agenda for meeting 40. Regards.",Safe Email
"Hi team, attached is the agenda for meeting 41. Regards.",Safe Email
"Hi team, attached is the agenda for meeting 42. Regards.",Safe Email
"Hi team, attached is the agenda for meeting 43. Regards.",Safe Email
"Hi team, attached is the agenda for meeting 44. Regards.",Safe Email
"Hi team, attached is the agenda for meeting 45. Regards.",Safe Email
"Hi team, attached is the agenda for meeting 46. Regards.",Safe Email
"Hi team, attached is the agenda for meeting 47. Regards.",Safe Email
"Hi team, attached is the agenda for meeting 48. Regards.",Safe Email
"Hi team, attached is the agenda for meeting 49. Regards.",Safe Email
"Hi team, attached is the agenda for meeting 50. Regards.",Safe Email
"Hi team, attached is the agenda for meeting 51. Regards.",Safe Email
"Hi team, attached is the agenda for meeting 52. Regards.",Safe Email
"Hi team, attached is the agenda for meeting 53. Regards.",Safe Email
"Hi team, attached is the agenda for meeting 54. Regards.",Safe Email
"Hi team, attached is the agenda for meeting 55. Regards.",Safe Email
"Hi team, attached is the agenda for meeting 56. Regards.",Safe Email
"Hi team, attached is the agenda for meeting 57. Regards.",Safe Email
"Hi team, attached is the agenda for meeting 58. Regards.",Safe Email
"Hi team, attached is the agenda for meeting 59. Regards.",Safe Email
"Hi team, attached is the agenda for meeting 60. Regards.",Safe Email
"Hi team, attached is the agenda for meeting 61. Regards.",Safe Email
"Hi team, attached is the agenda for meeting 62. Regards.",Safe Email
"Hi team, attached is the agenda for meeting 63. Regards.",Safe Email
"Hi team, attached is the agenda for meeting 64. Regards.",Safe Email
"Hi team, attached is the agenda for meeting 65. Regards.",Safe Email
"Hi team, attached is the agenda for meeting 66. Regards.",Safe Email
"Hi team, attached is the agenda for meeting 67. Regards.",Safe Email
"Hi team, attached is the agenda for meeting 68. Regards.",Safe Email
"Hi team, attached is the agenda for meeting 69. Regards.",Safe Email
"Hi team, attached is the agenda for meeting 70. Regards.",Safe Email
"Hi team, attached is the agenda for meeting 71. Regards.",Safe Email
"Hi team, attached is the agenda for meeting 72. Regards.",Safe Email
"Hi team, attached is the agenda for meeting 73. Regards.",Safe Email
"Hi team, attached is the agenda for meeting 74. Regards.",Safe Email
"Hi team, attached is the agenda for meeting 75. Regards.",Safe Email
"Hi team, attached is the agenda for meeting 76. Regards.",Safe Email
"Hi team, attached is the agenda for meeting 77. Regards.",Safe Email
"Hi team, attached is the agenda for meeting 78. Regards.",Safe Email
"Hi team, attached is the agenda for meeting 79. Regards.",Safe Email
"Hi team, attached is the agenda for meeting 80. Regards.",Safe Email
"Hi team, attached is the agenda for meeting 81. Regards.",Safe Email
"Hi team, attached is the agenda for meeting 82. Regards.",Safe Email
"Hi team, attached is the agenda for meeting 83. Regards.",Safe Email
"Hi team, attached is the agenda for meeting 84. Regards.",Safe Email
"Hi team, attached is the agenda for meeting 85. Regards.",Safe Email
"Hi team, attached is the agenda for meeting 86. Regards.",Safe Email
"Hi team, attached is the agenda for meeting 87. Regards.",Safe Email
"Hi team, attached is the agenda for meeting 88. Regards.",Safe Email
"Hi team, attached is the agenda for meeting 89. Regards.",Safe Email
"Hi team, attached is the agenda for meeting 90. Regards.",Safe Email
"Hi team, attached is the agenda for meeting 91. Regards.",Safe Email
"Hi team, attached is the agenda for meeting 92. Regards.",Safe Email
"Hi team, attached is the agenda for meeting 93. Regards.",Safe Email
"Hi team, attached is the agenda for meeting 94. Regards.",Safe Email
"Hi team, attached is the agenda for meeting 95. Regards.",Safe Email
"Hi team, attached is the agenda for meeting 96. Regards.",Safe Email
"Hi team, attached is the agenda for meeting 97. Regards.",Safe Email
"Hi team, attached is the agenda for meeting 98. Regards.",Safe Email
"Hi team, attached is the agenda for meeting 99. Regards.",Safe Email
"Hi team, attached is the agenda for meeting 100. Regards.",Safe Email
"Hi team, attached is the agenda for meeting 101. Regards.",Safe Email
"Hi team, attached is the agenda for meeting 102. Regards.",Safe Email
"Hi team, attached is the agenda for meeting 103. Regards.",Safe Email
"Hi team, attached is the agenda for meeting 104. Regards.",Safe Email
"Hi team, attached is the agenda for meeting 105. Regards.",Safe Email
"Hi team, attached is the agenda for meeting 106. Regards.",Safe Email
"Hi team, attached is the agenda for meeting 107. Regards.",Safe Email
"Hi team, attached is the agenda for meeting 108. Regards.",Safe Email
"Hi team, attached is the agenda for meeting 109. Regards.",Safe Email
"Hi team, attached is the agenda for meeting 110. Regards.",Safe Email
"Hi team, attached is the agenda for meeting 111. Regards.",Safe Email
"Hi team, attached is the agenda for meeting 112. Regards.",Safe Email
"Hi team, attached is the agenda for meeting 113. Regards.",Safe Email
"Hi team, attached is the agenda for meeting 114. Regards.",Safe Email
"Hi team, attached is the agenda for meeting 115. Regards.",Safe Email
"Hi team, attached is the agenda for meeting 116. Regards.",Safe Email
"Hi team, attached is the agenda for meeting 117. Regards.",Safe Email
"Hi team, attached is the agenda for meeting 118. Regards.",Safe Email
"Hi team, attached is the agenda for meeting 119. Regards.",Safe Email
"Hi team, attached is the agenda for meeting 120. Regards.",Safe Email
"Hi team, attached is the agenda for meeting 121. Regards.",Safe Email
"Hi team, attached is the agenda for meeting 122. Regards.",Safe Email
"Hi team, attached is the agenda for meeting 123. Regards.",Safe Email
"Hi team, attached is the agenda for meeting 124. Regards.",Safe Email
"Hi team, attached is the agenda for meeting 125. Regards.",Safe Email
"Hi team, attached is the agenda for meeting 126. Regards.",Safe Email
"Hi team, attached is the agenda for meeting 127. Regards.",Safe Email
"Hi team, attached is the agenda for meeting 128. Regards.",Safe Email
"Hi team, attached is the agenda for meeting 129. Regards.",Safe Email
"Hi team, attached is the agenda for meeting 130. Regards.",Safe Email
"Hi team, attached is the agenda for meeting 131. Regards.",Safe Email
"Hi team, attached is the agenda for meeting 132. Regards.",Safe Email
"Hi team, attached is the agenda for meeting 133. Regards.",Safe Email
"Hi team, attached is the agenda for meeting 134. Regards.",Safe Email
"Hi team, attached is the agenda for meeting 135. Regards.",Safe Email
"Hi team, attached is the agenda for meeting 136. Regards.",Safe Email
"Hi team, attached is the agenda for meeting 137. Regards.",Safe Email
"Hi team, attached is the agenda for meeting 138. Regards.",Safe Email
"Hi team, attached is the agenda for meeting 139. Regards.",Safe Email
"Hi team, attached is the agenda for meeting 140. Regards.",Safe Email
"Hi team, attached is the agenda for meeting 141. Regards.",Safe Email
"Hi team, attached is the agenda for meeting 142. Regards.",Safe Email
"Hi team, attached is the agenda for meeting 143. Regards.",Safe Email
"Hi team, attached is the agenda for meeting 144. Regards.",Safe Email
"Hi team, attached is the agenda for meeting 145. Regards.",Safe Email
"Hi team, attached is the agenda for meeting 146. Regards.",Safe Email
"Hi team, attached is the agenda for meeting 147. Regards.",Safe Email
"Hi team, attached is the agenda for meeting 148. Regards.",Safe Email
"Hi team, attached is the agenda for meeting 149. Regards.",Safe Email
"Hi team, attached is the agenda for meeting 150. Regards.",Safe Email
"Hi team, attached is the agenda for meeting 151. Regards.",Safe Email
"Hi team, attached is the agenda for meeting 152. Regards.",Safe Email
"Hi team, attached is the agenda for meeting 153. Regards.",Safe Email
"Hi team, attached is the agenda for meeting 154. Regards.",Safe Email
"Hi team, attached is the agenda for meeting 155. Regards.",Safe Email
"Hi team, attached is the agenda for meeting 156. Regards.",Safe Email
"Hi team, attached is the agenda for meeting 157. Regards.",Safe Email
"Hi team, attached is the agenda for meeting 158. Regards.",Safe Email
"Hi team, attached is the agenda for meeting 159. Regards.",Safe Email
"Hi team, attached is the agenda for meeting 160. Regards.",Safe Email
"Hi team, attached is the agenda for meeting 161. Regards.",Safe Email
"Hi team, attached is the agenda for meeting 162. Regards.",Safe Email
"Hi team, attached is the agenda for meeting 163. Regards.",Safe Email
"Hi team, attached is the agenda for meeting 164. Regards.",Safe Email
"Hi team, attached is the agenda for meeting 165. Regards.",Safe Email
"Hi team, attached is the agenda for meeting 166. Regards.",Safe Email
"Hi team, attached is the agenda for meeting 167. Regards.",Safe Email
"Hi team, attached is the agenda for meeting 168. Regards.",Safe Email
"Hi team, attached is the agenda for meeting 169. Regards.",Safe Email
"Hi team, attached is the agenda for meeting 170. Regards.",Safe Email
"Hi team, attached is the agenda for meeting 171. Regards.",Safe Email
"Hi team, attached is the agenda for meeting 172. Regards.",Safe Email
"Hi team, attached is the agenda for meeting 173. Regards.",Safe Email
"Hi team, attached is the agenda for meeting 174. Regards.",Safe Email
"Hi team, attached is the agenda for meeting 175. Regards.",Safe Email
"Hi team, attached is the agenda for meeting 176. Regards.",Safe Email
"Hi team, attached is the agenda for meeting 177. Regards.",Safe Email
"Hi team, attached is the agenda for meeting 178. Regards.",Safe Email
"Hi team, attached is the agenda for meeting 179. Regards.",Safe Email
"Hi team, attached is the agenda for meeting 180. Regards.",Safe Email
"Hi team, attached is the agenda for meeting 181. Regards.",Safe Email
"Hi team, attached is the agenda for meeting 182. Regards.",Safe Email
"Hi team, attached is the agenda for meeting 183. Regards.",Safe Email
"Hi team, attached is the agenda for meeting 184. Regards.",Safe Email
"Hi team, attached is the agenda for meeting 185. Regards.",Safe Email
"Hi team, attached is the agenda for meeting 186. Regards.",Safe Email
"Hi team, attached is the agenda for meeting 187. Regards.",Safe Email
"Hi team, attached is the agenda for meeting 188. Regards.",Safe Email
"Hi team, attached is the agenda for meeting 189. Regards.",Safe Email
"Hi team, attached is the agenda for meeting 190. Regards.",Safe Email
"Hi team, attached is the agenda for meeting 191. Regards.",Safe Email
"Hi team, attached is the agenda for meeting 192. Regards.",Safe Email
"Hi team, attached is the agenda for meeting 193. Regards.",Safe Email
"Hi team, attached is the agenda for meeting 194. Regards.",Safe Email
"Hi team, attached is the agenda for meeting 195. Regards.",Safe Email
"Hi team, attached is the agenda for meeting 196. Regards.",Safe Email
"Hi team, attached is the agenda for meeting 197. Regards.",Safe Email
"Hi team, attached is the agenda for meeting 198. Regards.",Safe Email
"Hi team, attached is the agenda for meeting 199. Regards.",Safe Email
"Hi team, attached is the agenda for meeting 200. Regards.",Safe Email
"Hi team, attached is the agenda for meeting 201. Regards.",Safe Email
"Hi team, attached is the agenda for meeting 202. Regards.",Safe Email
"Hi team, attached is the agenda for meeting 203. Regards.",Safe Email
"Hi team, attached is the agenda for meeting 204. Regards.",Safe Email
"Hi team, attached is the agenda for meeting 205. Regards.",Safe Email
"Hi team, attached is the agenda for meeting 206. Regards.",Safe Email
"Hi team, attached is the agenda for meeting 207. Regards.",Safe Email
"Hi team, attached is the agenda for meeting 208. Regards.",Safe Email
"Hi team, attached is the agenda for meeting 209. Regards.",Safe Email
"Hi team, attached is the agenda for meeting 210. Regards.",Safe Email
"Hi team, attached is the agenda for meeting 211. Regards.",Safe Email
"Hi team, attached is the agenda for meeting 212. Regards.",Safe Email
"Hi team, attached is the agenda for meeting 213. Regards.",Safe Email
"Hi team, attached is the agenda for meeting 214. Regards.",Safe Email
"Hi team, attached is the agenda for meeting 215. Regards.",Safe Email
"Hi team, attached is the agenda for meeting 216. Regards.",Safe Email
"Hi team, attached is the agenda for meeting 217. Regards.",Safe Email
"Hi team, attached is the agenda for meeting 218. Regards.",Safe Email
"Hi team, attached is the agenda for meeting 219. Regards.",Safe Email
"Hi team, attached is the agenda for meeting 220. Regards.",Safe Email
"Hi team, attached is the agenda for meeting 221. Regards.",Safe Email
"Hi team, attached is the agenda for meeting 222. Regards.",Safe Email
"Hi team, attached is the agenda for meeting 223. Regards.",Safe Email
"Hi team, attached is the agenda for meeting 224. Regards.",Safe Email
"Hi team, attached is the agenda for meeting 225. Regards.",Safe Email
"Hi team, attached is the agenda for meeting 226. Regards.",Safe Email
"Hi team, attached is the agenda for meeting 227. Regards.",Safe Email
"Hi team, attached is the agenda for meeting 228. Regards.",Safe Email
"Hi team, attached is the agenda for meeting 229. Regards.",Safe Email
"Hi team, attached is the agenda for meeting 230. Regards.",Safe Email
"Hi team, attached is the agenda for meeting 231. Regards.",Safe Email
"Hi team, attached is the agenda for meeting 232. Regards.",Safe Email
"Hi team, attached is the agenda for meeting 233. Regards.",Safe Email
"Hi team, attached is the agenda for meeting 234. Regards.",Safe Email
"Hi team, attached is the agenda for meeting 235. Regards.",Safe Email
"Hi team, attached is the agenda for meeting 236. Regards.",Safe Email
"Hi team, attached is the agenda for meeting 237. Regards.",Safe Email
"Hi team, attached is the agenda for meeting 238. Regards.",Safe Email
"Hi team, attached is the agenda for meeting 239. Regards.",Safe Email
"Hi team, attached is the agenda for meeting 240. Regards.",Safe Email
"Hi team, attached is the agenda for meeting 241. Regards.",Safe Email
"Hi team, attached is the agenda for meeting 242. Regards.",Safe Email
"Hi team, attached is the agenda for meeting 243. Regards.",Safe Email
"Hi team, attached is the agenda for meeting 244. Regards.",Safe Email
"Hi team, attached is the agenda for meeting 245. Regards.",Safe Email
"Hi team, attached is the agenda for meeting 246. Regards.",Safe Email
"Hi team, attached is the agenda for meeting 247. Regards.",Safe Email
"Hi team, attached is the agenda for meeting 248. Regards.",Safe Email
"Hi team, attached is the agenda for meeting 249. Regards.",Safe Email
"Hi team, attached is the agenda for meeting 250. Regards.",Safe Email
"Hi team, attached is the agenda for meeting 251. Regards.",Safe Email
"Hi team, attached is the agenda for meeting 252. Regards.",Safe Email
"Hi team, attached is the agenda for meeting 253. Regards.",Safe Email
"Hi team, attached is the agenda for meeting 254. Regards.",Safe Email
"Hi team, attached is the agenda for meeting 255. Regards.",Safe Email
"Hi team, attached is the agenda for meeting 256. Regards.",Safe Email
"Hi team, attached is the agenda for meeting 257. Regards.",Safe Email
"Hi team, attached is the agenda for meeting 258. Regards.",Safe Email
"Hi team, attached is the agenda for meeting 259. Regards.",Safe Email
"Hi team, attached is the agenda for meeting 260. Regards.",Safe Email
"Hi team, attached is the agenda for meeting 261. Regards.",Safe Email
"Hi team, attached is the agenda for meeting 262. Regards.",Safe Email
"Hi team, attached is the agenda for meeting 263. Regards.",Safe Email
"Hi team, attached is the agenda for meeting 264. Regards.",Safe Email
"Hi team, attached is the agenda for meeting 265. Regards.",Safe Email
"Hi team, attached is the agenda for meeting 266. Regards.",Safe Email
"Hi team, attached is the agenda for meeting 267. Regards.",Safe Email
"Hi team, attached is the agenda for meeting 268. Regards.",Safe Email
"Hi team, attached is the agenda for meeting 269. Regards.",Safe Email
"Hi team, attached is the agenda for meeting 270. Regards.",Safe Email
"Hi team, attached is the agenda for meeting 271. Regards.",Safe Email
"Hi team, attached is the agenda for meeting 272. Regards.",Safe Email
"Hi team, attached is the agenda for meeting 273. Regards.",Safe Email
"Hi team, attached is the agenda for meeting 274. Regards.",Safe Email
"Hi team, attached is the agenda for meeting 275. Regards.",Safe Email
"Hi team, attached is the agenda for meeting 276. Regards.",Safe Email
"Hi team, attached is the agenda for meeting 277. Regards.",Safe Email
"Hi team, attached is the agenda for meeting 278. Regards.",Safe Email
"Hi team, attached is the agenda for meeting 279. Regards.",Safe Email
"Hi team, attached is the agenda for meeting 280. Regards.",Safe Email
"Hi team, attached is the agenda for meeting 281. Regards.",Safe Email
"Hi team, attached is the agenda for meeting 282. Regards.",Safe Email
"Hi team, attached is the agenda for meeting 283. Regards.",Safe Email
"Hi team, attached is the agenda for meeting 284. Regards.",Safe Email
"Hi team, attached is the agenda for meeting 285. Regards.",Safe Email
"Hi team, attached is the agenda for meeting 286. Regards.",Safe Email
"Hi team, attached is the agenda for meeting 287. Regards.",Safe Email
"Hi team, attached is the agenda for meeting 288. Regards.",Safe Email
"Hi team, attached is the agenda for meeting 289. Regards.",Safe Email
"Hi team, attached is the agenda for meeting 290. Regards.",Safe Email
"Hi team, attached is the agenda for meeting 291. Regards.",Safe Email
"Hi team, attached is the agenda for meeting 292. Regards.",Safe Email
"Hi team, attached is the agenda for meeting 293. Regards.",Safe Email
"Hi team, attached is the agenda for meeting 294. Regards.",Safe Email
"Hi team, attached is the agenda for meeting 295. Regards.",Safe Email
"Hi team, attached is the agenda for meeting 296. Regards.",Safe Email
"Hi team, attached is the agenda for meeting 297. Regards.",Safe Email
"Hi team, attached is the agenda for meeting 298. Regards.",Safe Email
"Hi team, attached is the agenda for meeting 299. Regards.",Safe Email
"Hi team, attached is the agenda for meeting 300. Regards.",Safe Email
"Hi team, attached is the agenda for meeting 301. Regards.",Safe Email
"Hi team, attached is the agenda for meeting 302. Regards.",Safe Email
"Hi team, attached is the agenda for meeting 303. Regards.",Safe Email
"Hi team, attached is the agenda for meeting 304. Regards.",Safe Email
"Hi team, attached is the agenda for meeting 305. Regards.",Safe Email
"Hi team, attached is the agenda for meeting 306. Regards.",Safe Email
"Hi team, attached is the agenda for meeting 307. Regards.",Safe Email
"Hi team, attached is the agenda for meeting 308. Regards.",Safe Email
"Hi team, attached is the agenda for meeting 309. Regards.",Safe Email
"Hi team, attached is the agenda for meeting 310. Regards.",Safe Email
"Hi team, attached is the agenda for meeting 311. Regards.",Safe Email
"Hi team, attached is the agenda for meeting 312. Regards.",Safe Email
"Hi team, attached is the agenda for meeting 313. Regards.",Safe Email
"Hi team, attached is the agenda for meeting 314. Regards.",Safe Email
"Hi team, attached is the agenda for meeting 315. Regards.",Safe Email
"Hi team, attached is the agenda for meeting 316. Regards.",Safe Email
"Hi team, attached is the agenda for meeting 317. Regards.",Safe Email
"Hi team, attached is the agenda for meeting 318. Regards.",Safe Email
"Hi team, attached is the agenda for meeting 319. Regards.",Safe Email
"Hi team, attached is the agenda for meeting 320. Regards.",Safe Email
"Hi team, attached is the agenda for meeting 321. Regards.",Safe Email
"Hi team, attached is the agenda for meeting 322. Regards.",Safe Email
"Hi team, attached is the agenda for meeting 323. Regards.",Safe Email
"Hi team, attached is the agenda for meeting 324. Regards.",Safe Email
"Hi team, attached is the agenda for meeting 325. Regards.",Safe Email
"Hi team, attached is the agenda for meeting 326. Regards.",Safe Email
"Hi team, attached is the agenda for meeting 327. Regards.",Safe Email
"Hi team, attached is the agenda for meeting 328. Regards.",Safe Email
"Hi team, attached is the agenda for meeting 329. Regards.",Safe Email
"Hi team, attached is the agenda for meeting 330. Regards.",Safe Email
"Hi team, attached is the agenda for meeting 331. Regards.",Safe Email
"Hi team, attached is the agenda for meeting 332. Regards.",Safe Email
"Hi team, attached is the agenda for meeting 333. Regards.",Safe Email
"Hi team, attached is the agenda for meeting 334. Regards.",Safe Email
"Hi team, attached is the agenda for meeting 335. Regards.",Safe Email
"Hi team, attached is the agenda for meeting 336. Regards.",Safe Email
"Hi team, attached is the agenda for meeting 337. Regards.",Safe Email
"Hi team, attached is the agenda for meeting 338. Regards.",Safe Email
"Hi team, attached is the agenda for meeting 339. Regards.",Safe Email
"Hi team, attached is the agenda for meeting 340. Regards.",Safe Email
"Hi team, attached is the agenda for meeting 341. Regards.",Safe Email
"Hi team, attached is the agenda for meeting 342. Regards.",Safe Email
"Hi team, attached is the agenda for meeting 343. Regards.",Safe Email
"Hi team, attached is the agenda for meeting 344. Regards.",Safe Email
"Hi team, attached is the agenda for meeting 345. Regards.",Safe Email
"Hi team, attached is the agenda for meeting 346. Regards.",Safe Email
"Hi team, attached is the agenda for meeting 347. Regards.",Safe Email
"Hi team, attached is the agenda for meeting 348. Regards.",Safe Email
"Hi team, attached is the agenda for meeting 349. Regards.",Safe Email
"Hi team, attached is the agenda for meeting 350. Regards.",Safe Email
"Hi team, attached is the agenda for meeting 351. Regards.",Safe Email
"Hi team, attached is the agenda for meeting 352. Regards.",Safe Email
"Hi team, attached is the agenda for meeting 353. Regards.",Safe Email
"Hi team, attached is the agenda for meeting 354. Regards.",Safe Email
"Hi team, attached is the agenda for meeting 355. Regards.",Safe Email
"Hi team, attached is the agenda for meeting 356. Regards.",Safe Email
"Hi team, attached is the agenda for meeting 357. Regards.",Safe Email
"Hi team, attached is the agenda for meeting 358. Regards.",Safe Email
"Hi team, attached is the agenda for meeting 359. Regards.",Safe Email
"Hi team, attached is the agenda for meeting 360. Regards.",Safe Email
"Hi team, attached is the agenda for meeting 361. Regards.",Safe Email
"Hi team, attached is the agenda for meeting 362. Regards.",Safe Email
"Hi team, attached is the agenda for meeting 363. Regards.",Safe Email
"Hi team, attached is the agenda for meeting 364. Regards.",Safe Email
"Hi team, attached is the agenda for meeting 365. Regards.",Safe Email
"Hi team, attached is the agenda for meeting 366. Regards.",Safe Email
"Hi team, attached is the agenda for meeting 367. Regards.",Safe Email
"Hi team, attached is the agenda for meeting 368. Regards.",Safe Email
"Hi team, attached is the agenda for meeting 369. Regards.",Safe Email
"Hi team, attached is the agenda for meeting 370. Regards.",Safe Email
"Hi team, attached is the agenda for meeting 371. Regards.",Safe Email
"Hi team, attached is the agenda for meeting 372. Regards.",Safe Email
"Hi team, attached is the agenda for meeting 373. Regards.",Safe Email
"Hi team, attached is the agenda for meeting 374. Regards.",Safe Email
"Hi team, attached is the agenda for meeting 375. Regards.",Safe Email
"Hi team, attached is the agenda for meeting 376. Regards.",Safe Email
"Hi team, attached is the agenda for meeting 377. Regards.",Safe Email
"Hi team, attached is the agenda for meeting 378. Regards.",Safe Email
"Hi team, attached is the agenda for meeting 379. Regards.",Safe Email
"Hi team, attached is the agenda for meeting 380. Regards.",Safe Email
"Hi team, attached is the agenda for meeting 381. Regards.",Safe Email
"Hi team, attached is the agenda for meeting 382. Regards.",Safe Email
"Hi team, attached is the agenda for meeting 383. Regards.",Safe Email
"Hi team, attached is the agenda for meeting 384. Regards.",Safe Email
"Hi team, attached is the agenda for meeting 385. Regards.",Safe Email
"Hi team, attached is the agenda for meeting 386. Regards.",Safe Email
"Hi team, attached is the agenda for meeting 387. Regards.",Safe Email
"Hi team, attached is the agenda for meeting 388. Regards.",Safe Email
"Hi team, attached is the agenda for meeting 389. Regards.",Safe Email
"Hi team, attached is the agenda for meeting 390. Regards.",Safe Email
"Hi team, attached is the agenda for meeting 391. Regards.",Safe Email
"Hi team, attached is the agenda for meeting 392. Regards.",Safe Email
"Hi team, attached is the agenda for meeting 393. Regards.",Safe Email
"Hi team, attached is the agenda for meeting 394. Regards.",Safe Email
"Hi team, attached is the agenda for meeting 395. Regards.",Safe Email
"Hi team, attached is the agenda for meeting 396. Regards.",Safe Email
"Hi team, attached is the agenda for meeting 397. Regards.",Safe Email
"Hi team, attached is the agenda for meeting 398. Regards.",Safe Email
"Hi team, attached is the agenda for meeting 399. Regards.",Safe Email
"Hi team, attached is the agenda for meeting 400. Regards.",Safe Email
"Hi team, attached is the agenda for meeting 401. Regards.",Safe Email
"Hi team, attached is the agenda for meeting 402. Regards.",Safe Email
"Hi team, attached is the agenda for meeting 403. Regards.",Safe Email
"Hi team, attached is the agenda for meeting 404. Regards.",Safe Email
"Hi team, attached is the agenda for meeting 405. Regards.",Safe Email
"Hi team, attached is the agenda for meeting 406. Regards.",Safe Email
"Hi team, attached is the agenda for meeting 407. Regards.",Safe Email
"Hi team, attached is the agenda for meeting 408. Regards.",Safe Email
"Hi team, attached is the agenda for meeting 409. Regards.",Safe Email
"Hi team, attached is the agenda for meeting 410. Regards.",Safe Email
"Hi team, attached is the agenda for meeting 411. Regards.",Safe Email
"Hi team, attached is the agenda for meeting 412. Regards.",Safe Email
"Hi team, attached is the agenda for meeting 413. Regards.",Safe Email
"Hi team, attached is the agenda for meeting 414. Regards.",Safe Email
"Hi team, attached is the agenda for meeting 415. Regards.",Safe Email
"Hi team, attached is the agenda for meeting 416. Regards.",Safe Email
"Hi team, attached is the agenda for meeting 417. Regards.",Safe Email
"Hi team, attached is the agenda for meeting 418. Regards.",Safe Email
"Hi team, attached is the agenda for meeting 419. Regards.",Safe Email
"Hi team, attached is the agenda for meeting 420. Regards.",Safe Email
"Hi team, attached is the agenda for meeting 421. Regards.",Safe Email
"Hi team, attached is the agenda for meeting 422. Regards.",Safe Email
"Hi team, attached is the agenda for meeting 423. Regards.",Safe Email
"Hi team, attached is the agenda for meeting 424. Regards.",Safe Email
"Hi team, attached is the agenda for meeting 425. Regards.",Safe Email
"Hi team, attached is the agenda for meeting 426. Regards.",Safe Email
"Hi team, attached is the agenda for meeting 427. Regards.",Safe Email
"Hi team, attached is the agenda for meeting 428. Regards.",Safe Email
"Hi team, attached is the agenda for meeting 429. Regards.",Safe Email
"Hi team, attached is the agenda for meeting 430. Regards.",Safe Email
"Hi team, attached is the agenda for meeting 431. Regards.",Safe Email
"Hi team, attached is the agenda for meeting 432. Regards.",Safe Email
"Hi team, attached is the agenda for meeting 433. Regards.",Safe Email
"Hi team, attached is the agenda for meeting 434. Regards.",Safe Email
"Hi team, attached is the agenda for meeting 435. Regards.",Safe Email
"Hi team, attached is the agenda for meeting 436. Regards.",Safe Email
"Hi team, attached is the agenda for meeting 437. Regards.",Safe Email
"Hi team, attached is the agenda for meeting 438. Regards.",Safe Email
"Hi team, attached is the agenda for meeting 439. Regards.",Safe Email
"Hi team, attached is the agenda for meeting 440. Regards.",Safe Email
"Hi team, attached is the agenda for meeting 441. Regards.",Safe Email
"Hi team, attached is the agenda for meeting 442. Regards.",Safe Email
"Hi team, attached is the agenda for meeting 443. Regards.",Safe Email
"Hi team, attached is the agenda for meeting 444. Regards.",Safe Email
"Hi team, attached is the agenda for meeting 445. Regards.",Safe Email
"Hi team, attached is the agenda for meeting 446. Regards.",Safe Email
"Hi team, attached is the agenda for meeting 447. Regards.",Safe Email
"Hi team, attached is the agenda for meeting 448. Regards.",Safe Email
"Hi team, attached is the agenda for meeting 449. Regards.",Safe Email
"Hi team, attached is the agenda for meeting 450. Regards.",Safe Email
"Hi team, attached is the agenda for meeting 451. Regards.",Safe Email
"Hi team, attached is the agenda for meeting 452. Regards.",Safe Email
"Hi team, attached is the agenda for meeting 453. Regards.",Safe Email
"Hi team, attached is the agenda for meeting 454. Regards.",Safe Email
"Hi team, attached is the agenda for meeting 455. Regards.",Safe Email
"Hi team, attached is the agenda for meeting 456. Regards.",Safe Email
"Hi team, attached is the agenda for meeting 457. Regards.",Safe Email
"Hi team, attached is the agenda for meeting 458. Regards.",Safe Email
"Hi team, attached is the agenda for meeting 459. Regards.",Safe Email
"Hi team, attached is the agenda for meeting 460. Regards.",Safe Email
"Hi team, attached is the agenda for meeting 461. Regards.",Safe Email
"Hi team, attached is the agenda for meeting 462. Regards.",Safe Email
"Hi team, attached is the agenda for meeting 463. Regards.",Safe Email
"Hi team, attached is the agenda for meeting 464. Regards.",Safe Email
"Hi team, attached is the agenda for meeting 465. Regards.",Safe Email
"Hi team, attached is the agenda for meeting 466. Regards.",Safe Email
"Hi team, attached is the agenda for meeting 467. Regards.",Safe Email
"Hi team, attached is the agenda for meeting 468. Regards.",Safe Email
"Hi team, attached is the agenda for meeting 469. Regards.",Safe Email
"Hi team, attached is the agenda for meeting 470. Regards.",Safe Email
"Hi team, attached is the agenda for meeting 471. Regards.",Safe Email
"Hi team, attached is the agenda for meeting 472. Regards.",Safe Email
"Hi team, attached is the agenda for meeting 473. Regards.",Safe Email
"Hi team, attached is the agenda for meeting 474. Regards.",Safe Email
"Hi team, attached is the agenda for meeting 475. Regards.",Safe Email
"Hi team, attached is the agenda for meeting 476. Regards.",Safe Email
"Hi team, attached is the agenda for meeting 477. Regards.",Safe Email
"Hi team, attached is the agenda for meeting 478. Regards.",Safe Email
"Hi team, attached is the agenda for meeting 479. Regards.",Safe Email
"Hi team, attached is the agenda for meeting 480. Regards.",Safe Email
"Hi team, attached is the agenda for meeting 481. Regards.",Safe Email
"Hi team, attached is the agenda for meeting 482. Regards.",Safe Email
"Hi team, attached is the agenda for meeting 483. Regards.",Safe Email
"Hi team, attached is the agenda for meeting 484. Regards.",Safe Email
"Hi team, attached is the agenda for meeting 485. Regards.",Safe Email
"Hi team, attached is the agenda for meeting 486. Regards.",Safe Email
"Hi team, attached is the agenda for meeting 487. Regards.",Safe Email
"Hi team, attached is the agenda for meeting 488. Regards.",Safe Email
"Hi team, attached is the agenda for meeting 489. Regards.",Safe Email
"Hi team, attached is the agenda for meeting 490. Regards.",Safe Email
"Hi team, attached is the agenda for meeting 491. Regards.",Safe Email
"Hi team, attached is the agenda for meeting 492. Regards.",Safe Email
"Hi team, attached is the agenda for meeting 493. Regards.",Safe Email
"Hi team, attached is the agenda for meeting 494. Regards.",Safe Email
"Hi team, attached is the agenda for meeting 495. Regards.",Safe Email
"Hi team, attached is the agenda for meeting 496. Regards.",Safe Email
"Hi team, attached is the agenda for meeting 497. Regards.",Safe Email
"Hi team, attached is the agenda for meeting 498. Regards.",Safe Email
"Hi team, attached is the agenda for meeting 499. Regards.",Safe Email
